ID,Price
0,63.375398260613764
1,66.48364554576887
2,106.68893071277277
3,46.68140555014874
4,104.95328206925562
5,338.80298605229234
6,105.91904397790417
7,35.93534550746419
8,39.367089162101706
9,297.23256802908566
10,66.46072000038588
11,134.41378784257859
12,37.73759077472108
13,36.31011217866315
14,64.1122008343788
15,123.75680606024267
16,52.01887453581264
17,48.08889650315942
18,149.13682636543365
19,42.09171613755662
20,50.65057676132768
21,57.09375718160272
22,47.196234108235416
23,114.64164607063982
24,72.75281944133862
25,153.53263073159178
26,34.12344223694075
27,49.13017369841993
28,371.4922674462399
29,51.810810319734955
30,175.04093264877196
31,146.001899173741
32,58.27894260257826
33,27.264862231758908
34,75.91324267102546
35,165.6078978567175
36,47.777108071922605
37,64.40799905863236
38,65.13598918732666
39,152.49003125784373
40,36.48503788224749
41,274.5176618214107
42,187.6646077179907
43,97.63055999550613
44,57.95143858318677
45,52.21574453254356
46,43.845509567983626
47,38.818454933828484
48,41.28738812331403
49,151.26401012032898
50,40.03236258709556
51,493.92541401323683
52,46.32106518165271
53,30.351478766799687
54,56.76629987949126
55,122.70976147481552
56,195.91393349924212
57,145.89290871541635
58,116.56044566701864
59,133.45696163032588
60,54.33972992847683
61,143.4465157439601
62,400.1261254515331
63,61.77033340920935
64,82.30708781952858
65,43.55614471510456
66,44.668017662022855
67,86.20705654745264
68,129.8274016293851
69,229.47231415034372
70,94.78696357497694
71,75.24826488469918
72,83.38064016029492
73,48.15603366882339
74,96.65627684431948
75,183.3287488329884
76,91.17658240504801
77,150.07020471501068
78,53.59852285702607
79,77.19538874863379
80,150.59407074347206
81,271.9289211199489
82,51.77768701308463
83,45.163970192162196
84,74.89177329649644
85,78.90203388266832
86,64.62654931246561
87,110.44189498169847
88,32.62028467092195
89,72.39405995053684
90,53.60802897772679
91,64.1170790952273
92,50.127712065576645
93,592.1435528308499
94,91.9245253001693
95,53.72646011191246
96,29.209160719756547
97,62.1799577544329
98,322.0929343263906
99,34.405700452942625
100,300.1401010293524
101,68.7229523981603
102,178.9965937638701
103,168.66816905656003
104,333.4212747112475
105,49.87821532657557
106,104.66492605868908
107,168.33296404774123
108,55.64534975119426
109,491.94130402563127
110,55.12822101126808
111,74.05081692808169
112,117.26467458324302
113,69.06573590266098
114,173.19171217702967
115,54.07309350241954
116,45.14619270968426
117,145.7719920019637
118,178.6022033120637
119,31.9564110609954
120,50.583096930845606
121,92.01446130104824
122,121.57828520086885
123,72.78056690950237
124,37.04537839587337
125,49.27057488631935
126,152.79269039573376
127,144.79863903110805
128,42.701354563952556
129,52.07939128200671
130,150.95081769804935
131,45.12216869914437
132,83.93947186375564
133,49.52819512531654
134,51.52419500795878
135,470.7232545584358
136,139.03225027074942
137,48.97000651308423
138,92.67568126509661
139,49.61853046451799
140,88.14670349436668
141,27.79941580543443
142,54.64812789701637
143,163.7932731949333
144,106.48054044666246
145,52.202181055271396
146,102.85248015735473
147,63.67867030232863
148,54.075702459581336
149,80.49375251167206
150,94.94591155130897
151,68.634998919892
152,54.56492552265756
153,157.76832888160578
154,180.0820251571671
155,66.66212138631343
156,94.78443231244144
157,115.36846159262763
158,64.25570792907286
159,276.5288488585694
160,48.51865289151587
161,67.18892018968421
162,60.448136397222356
163,59.30865627613407
164,66.92157739062188
165,70.24203483859634
166,370.18947088593086
167,73.97798084320496
168,63.560745451283594
169,35.65242736455272
170,84.74553373313415
171,59.448772661289674
172,60.61885619727924
173,214.33878505081816
174,58.214570303741276
175,115.511053450661
176,39.92209880254122
177,448.94585746713994
178,75.16293092836008
179,158.29119762730363
180,57.030627641164685
181,53.92294860906516
182,49.98367548014732
183,126.8921897640324
184,103.02096232261663
185,87.56193714314156
186,53.320147263256004
187,49.6884263712322
188,65.13598918732666
189,62.41719244992131
190,167.36007684744777
191,108.01357600877667
192,43.7396038406582
193,60.803821955090854
194,43.81748159242541
195,62.5075567235143
196,568.1025908081565
197,119.72925629660767
198,65.10645614206236
199,69.3793820948178
200,54.45082444269528
201,62.66344602165836
202,125.98340179851175
203,120.22978337998575
204,79.13670394715447
205,83.81653113497075
206,43.52082023409738
207,70.04587465905317
208,59.74287182414031
209,51.97235128392251
210,47.5307742029993
211,55.07139761146765
212,42.12320281875042
213,48.61889927702996
214,53.51099232736253
215,210.4412743330556
216,43.22056131640184
217,69.76617860989143
218,40.6713336260256
219,109.47254895648081
220,40.18171398682454
221,83.00133366482946
222,62.2050184603989
223,76.46612478367307
224,54.16749674121088
225,247.92883331928945
226,57.50741019514087
227,116.66419756794821
228,67.09305115144352
229,370.0213854152993
230,183.5472927565729
231,221.28249352594497
232,52.377480240685784
233,67.8076194262137
234,49.901143121723514
235,53.05569041745704
236,42.10071145643392
237,60.754963225166634
238,103.43065371176937
239,43.35676974019809
240,137.3716132348161
241,141.6102505378659
242,49.41259240546975
243,72.56983836867482
244,117.62410404922701
245,49.32953184437192
246,48.617656147468594
247,39.4730293757035
248,83.45749616080434
249,60.3348753781937
250,111.59971981406017
251,51.65151583619229
252,257.4282044774427
253,53.42863096454798
254,362.16271087799373
255,49.75041671971218
256,269.4019637182807
257,176.25153964454324
258,124.16114651800851
259,60.44119632000158
260,109.65361979703083
261,111.16825221715203
262,146.18068976072968
263,95.44513592806769
264,51.489958215454564
265,127.0591031809828
266,52.587640435376485
267,30.553475002673686
268,117.17620756103959
269,47.236319353451556
270,284.9343355967709
271,52.72019470242095
272,116.09005044929464
273,71.09829694449151
274,60.46846968770679
275,51.31894116391602
276,39.41111678339077
277,278.81745094006504
278,126.70488979204666
279,144.95033449589033
280,75.698069453448
281,119.16908644473605
282,69.68444479237665
283,51.48063923284903
284,218.57408043101066
285,40.13911616933783
286,123.27253009734378
287,68.66735885569615
288,75.57234282790068
289,75.27075661615335
290,52.587640435376485
291,222.9711125147942
292,70.85395207645496
293,106.30143209140554
294,29.132170375173573
295,51.827362703261265
296,60.644407223576536
297,54.16598148487516
298,76.3082320633149
299,49.654588690353975
300,203.59330758260717
301,53.22030111009354
302,61.520611668992686
303,75.34849912347002
304,89.94198769327463
305,45.78675551658098
306,66.75933860383677
307,69.30214482683598
308,210.21351694580784
309,113.56750318212926
310,34.745023820498076
311,154.6347268332334
312,64.30966352777651
313,137.63450013166369
314,49.09034951563017
315,115.94309145115568
316,343.8644316359067
317,43.48712602857264
318,132.95789578629686
319,48.61300468911434
320,50.402629092493804
321,54.055758919579816
322,62.22355674422885
323,100.01894801799948
324,74.88946802089578
325,106.52886766362755
326,39.65814216082463
327,258.0988268384925
328,108.01357600877667
329,49.98625889768563
330,65.10645614206236
331,81.54549365869968
332,77.02632292829391
333,63.39917301901272
334,52.7221875625467
335,127.46238949154736
336,95.38550845804039
337,42.136570617571095
338,39.68052248791401
339,51.00607155608335
340,255.46463615420942
341,60.64179840163269
342,58.814160838958244
343,220.00561702433757
344,86.57304284021824
345,163.82966651499305
346,143.6946999401722
347,75.31119703155323
348,60.13739548896061
349,66.05580968904779
350,128.1754620035639
351,215.71770856609726
352,49.104585428375685
353,101.02684002633677
354,94.72670306191122
355,57.92439682604645
356,52.57265233763431
357,137.78999222989725
358,362.39569681397813
359,327.89336439989773
360,108.14891690312605
361,72.6877409884992
362,88.40824973048973
363,78.7702551052796
364,65.04141455557776
365,99.4654153546866
366,68.8029042892789
367,59.200515405632345
368,51.24486890670107
369,42.18831946326191
370,61.098322172485084
371,80.81881288168456
372,55.21955469223775
373,39.336299669723196
374,305.4125469677467
375,181.85760489951525
376,207.95482544812302
377,70.84056903802163
378,79.95534272633778
379,293.4186245270625
380,36.30968404311999
381,62.62496516531385
382,139.9697590436958
383,70.4064284470366
384,54.096709564233336
385,77.35673499163794
386,87.30059301927311
387,323.49214638478907
388,145.15597910928133
389,95.54939119774575
390,95.01440926922166
391,108.22698342183287
392,85.14134041440364
393,57.391767378506174
394,243.13379010317925
395,63.79361250999797
396,86.07909702365855
397,172.1029250097635
398,76.23784689069717
399,179.5842968061334
400,63.40622247276158
401,78.75981469332184
402,86.77542190181306
403,120.30126878887339
404,98.92879809785835
405,63.32695415066703
406,68.49705349421393
407,51.23395525707428
408,70.16451758294804
409,69.76617860989143
410,66.9805684656624
411,48.90848161270635
412,66.73840915842673
413,57.400693479656525
414,377.8624315874432
415,147.04723522083972
416,42.13075641505362
417,52.93669007691595
418,38.834783464611476
419,139.92344906604586
420,98.5213078549421
421,59.59893119625292
422,110.49178679670638
423,121.19542457063889
424,902.5138438969213
425,84.37671550764586
426,205.72123873377348
427,35.083016813261835
428,61.590691741013536
429,41.696779677237664
430,72.00739876001471
431,49.63577220134568
432,44.11297612161297
433,110.50977168463724
434,59.229861075450835
435,19.91387107029808
436,85.79853822424003
437,76.75064336532449
438,136.66590334549204
439,63.57397551565285
440,345.0253232705602
441,462.7355991714517
442,68.14043901742515
443,52.474903310820984
444,868.8846112977023
445,104.06970311267465
446,122.55299176364245
447,50.19661837730786
448,44.71479598193888
449,116.86394402106896
450,60.8518505389865
451,281.85488436165815
452,87.4508718474979
453,102.74648064041847
454,68.71314923255407
455,87.98428005185116
456,63.77790689402218
457,48.83086062279956
458,65.34263735927063
459,63.41111538750786
460,29.537363691120557
461,33.48217042528999
462,87.4026111695492
463,51.26022422312798
464,55.62084986153761
465,53.21371078479232
466,166.32405472256312
467,169.86869105814736
468,68.49705349421393
469,37.73759077472108
470,83.06883914320262
471,50.41563316235604
472,120.44413740843046
473,427.54294073744063
474,58.84346779466654
475,66.457580002994
476,81.16876500204937
477,50.32481679617282
478,71.46001011945229
479,109.7733749394763
480,63.50797877024059
481,97.1085902907892
482,57.400693479656525
483,164.63121876623302
484,75.7507272363835
485,52.51205755205346
486,387.8245580328569
487,56.83140722178803
488,92.59824948562863
489,126.12844281204124
490,49.59673758246075
491,317.37443840035564
492,55.19302674123824
493,108.47767415705499
494,297.5889313829059
495,49.327137732964275
496,147.61351689452943
497,63.53967304553404
498,60.70795176505411
499,47.57557431533291
500,53.24723409689365
501,58.493844332609584
502,87.61472157285453
503,62.865954598954005
504,128.42459490775957
505,79.06681323158786
506,76.27052150684864
507,136.25433229243583
508,43.07407425892882
509,34.94335747435055
510,107.01052713764736
511,64.50115310387974
512,47.36406679407327
513,46.45462240559655
514,43.20693711307239
515,104.79289940074494
516,103.52859124837562
517,33.632940716573586
518,72.89737725043331
519,53.97021321452086
520,185.79912929972218
521,43.541474922446135
522,87.29928370036232
523,150.66459754262823
524,49.530966176561726
525,71.95995149234895
526,51.74207544251918
527,45.096297491660906
528,76.65868494461895
529,54.75775312958612
530,123.3409066405319
531,97.13477989915377
532,122.45043304009332
533,52.09370229254644
534,355.9800621265944
535,35.22158889254055
536,147.47647038850394
537,78.24546412563674
538,298.620008281904
539,69.58619039905328
540,230.8190943974343
541,38.22870321392621
542,165.9803096719016
543,126.65395281162057
544,121.26023735169709
545,49.85141517655619
546,24.252926856383404
547,68.70692684216701
548,40.13523484336322
549,53.13782526087128
550,204.8022695631305
551,58.37028481519082
552,123.50369847602315
553,121.49809396105937
554,49.34122440023625
555,67.85681620908288
556,82.40353956438987
557,43.250703566677245
558,214.81173892504535
559,67.74094029168052
560,51.13171004382919
561,113.53369132034265
562,97.6982159715891
563,126.42034344306279
564,85.55570142510018
565,127.2867290162061
566,62.62496516531385
567,35.93534550746419
568,51.266451933267284
569,32.664090922186965
570,245.16670680040298
571,69.04387022238265
572,164.72043562859514
573,118.16260123937812
574,63.560745451283594
575,198.40013289214028
576,500.4301423461993
577,60.56190883618049
578,102.54581852414543
579,47.716408700389124
580,49.119453904356796
581,55.13329926657239
582,107.73330006861177
583,52.42529602069347
584,156.99391204207228
585,76.2317180432496
586,47.32573104219284
587,115.27271586611424
588,148.13823708506604
589,96.12877362653798
590,295.4101198186068
591,94.64569369575122
592,64.80022800613628
593,66.38203294432229
594,94.72021358880758
595,170.3763711438106
596,75.73095693298862
597,63.948681010315894
598,95.29660426303553
599,60.602159302749705
600,70.0237563495005
601,47.895646644862325
602,167.31745178588793
603,39.244524177700185
604,110.36861507661592
605,50.52573062418
606,85.28403481325998
607,80.95341137547496
608,79.25478836225632
609,181.19820412717345
610,64.55607303358877
611,83.16630106903914
612,99.83651226195721
613,107.99182615994773
614,99.4784014094381
615,35.13746126379411
616,39.42849019834152
617,57.98026373657336
618,31.72789801799457
619,120.447133378352
620,55.16602891137312
621,110.31197640741905
622,55.55983843002444
623,69.05937559312521
624,53.69925172125518
625,60.31615542364163
626,110.62321989011282
627,174.33686812919373
628,116.36834076203085
629,68.95783767423573
630,53.78905646048531
631,73.44610430385889
632,50.55838770391199
633,83.07291530547357
634,294.83921162615025
635,42.98881724197395
636,436.8442196914556
637,55.62578912615975
638,78.4681867540629
639,75.28371998110184
640,88.48337876533303
641,284.7036983182534
642,147.79483551091243
643,83.59207045557892
644,73.68843248498177
645,169.45643639667236
646,51.31049134262814
647,119.2170661988572
648,43.83579274994942
649,209.62964822408912
650,78.3903131323739
651,49.745016296712706
652,44.64747886491718
653,569.1151756004042
654,348.43422441315084
655,50.654631648594844
656,48.182735591446466
657,63.15346959546474
658,189.1200305580093
659,74.6448421006553
660,65.04141455557776
661,46.07603990614872
662,35.320615281863226
663,129.16891770776482
664,107.69326604934443
665,83.08247279253844
666,80.30367538150765
667,240.57573121508926
668,276.3808535886843
669,70.51472375149221
670,66.00065267829758
671,196.2546620691299
672,153.5394123025247
673,109.30060983620528
674,50.367555386770626
675,63.15346959546474
676,53.03600342971328
677,171.9688701293775
678,98.38004962081318
679,63.870767113399204
680,88.29929847321547
681,53.270913748990125
682,182.63402913835031
683,58.04236552678499
684,57.91858975525899
685,84.94891484955303
686,53.218996829534554
687,391.4465366309247
688,47.4008927008268
689,48.46967019448819
690,94.76962385144951
691,44.93093214485285
692,138.08074362025445
693,59.36631324310679
694,162.76431815313407
695,76.2469611658997
696,157.6401071242877
697,62.23647540239291
698,52.38680831630701
699,193.0545720981789
700,243.2350093007354
701,54.078106186761644
702,174.31404084548413
703,58.4285690269997
704,77.2403464662435
705,80.34431588600226
706,83.72869368363678
707,185.00033877826718
708,166.64734273153252
709,148.8581423197846
710,710.9454560939955
711,42.24887024553085
712,38.176223027244575
713,74.64721981443478
714,74.83215998119219
715,173.5537286932975
716,51.17240827083787
717,41.134050106363745
718,265.66492885006073
719,51.00884261728804
720,46.414242020959904
721,274.79930012854146
722,182.94873251604693
723,28.653472103775
724,106.23369300037047
725,169.995853952409
726,88.41724007341693
727,59.109941934003096
728,164.85922420408494
729,55.161610861510155
730,88.12046754564854
731,37.73759077472108
732,105.0771381718926
733,122.02213276425161
734,51.29246261902031
735,55.436908060585495
736,136.58775515066534
737,77.71830111806331
738,56.41562355215039
739,117.03605311384783
740,166.21571006133078
741,47.520425018102316
742,320.71233114798315
743,76.14541288196021
744,133.4361754742646
745,156.3584318720039
746,346.6655647764261
747,59.229781239944266
748,52.95230770218903
749,49.0668738794665
750,45.797374144573645
751,92.70078586059459
752,372.71865533154073
753,129.74061453464273
754,87.22820499979142
755,238.7560330726724
756,186.6675300536727
757,65.09687447299291
758,70.75708257068011
759,400.622319087611
760,60.927305365577666
761,321.694677987013
762,140.39617077697255
763,99.83194458746775
764,158.0598291229776
765,50.516778209091335
766,107.19493389920352
767,76.8251398378413
768,90.6132177250381
769,26.448128656583634
770,139.46409612914758
771,58.92029752024828
772,66.44693400481142
773,58.64365897675911
774,122.82186191180247
775,57.68545192221487
776,105.35647800606824
777,85.31360306990425
778,65.48296954621524
779,295.22644768243555
780,94.51690954573627
781,55.187024822705794
782,53.81077321825065
783,86.48146679838334
784,180.03947875291584
785,1006.9720640930126
786,50.40692423691658
787,168.81559668051375
788,74.09779626072748
789,287.6462413995258
790,80.82739173486458
791,52.47112695312679
792,61.64114657643482
793,48.41004923693727
794,54.16749674121088
795,49.690845952054346
796,157.88394016490977
797,62.62496516531385
798,189.56476786706835
799,49.745016296712706
800,179.3801331466516
801,42.681850305551016
802,56.33302185864221
803,51.131472040935826
804,109.45950493167923
805,89.57377510393889
806,70.31764916041969
807,116.29066077685012
808,47.142971239613836
809,84.5899726180625
810,167.07768409622537
811,151.44485837361842
812,61.894900325027166
813,67.6615919062829
814,298.44604663138716
815,413.06741876449684
816,371.27918479330975
817,54.07309350241954
818,133.89624527904994
819,65.90217759218854
820,50.276192378520406
821,60.448136397222356
822,73.9312599366169
823,115.49346898941519
824,261.83970996846205
825,67.21124194246391
826,143.61874834574144
827,204.98076857832658
828,38.30808264455701
829,41.68217375788588
830,63.98585692364806
831,76.29351377576042
832,65.4517980207975
833,44.91727345880602
834,150.23420255594317
835,78.27175318355286
836,74.27984461007027
837,136.75014369447294
838,85.84128996627825
839,35.43258416727426
840,29.6448475669183
841,95.61141257316538
842,39.036721560928925
843,49.40917229737593
844,70.87104958386749
845,52.79829909231964
846,178.77727278466688
847,43.1604097083663
848,146.39464096046612
849,193.2459459288287
850,79.60627261318999
851,254.1372075820189
852,65.9745275394263
853,51.09303634442048
854,54.85343538805146
855,43.56433248746721
856,67.67181004137392
857,156.68404971843393
858,73.19998639476097
859,125.94788302456973
860,145.06941379997915
861,63.46376164518374
862,150.46842408533
863,67.65615875674084
864,317.8776209493002
865,51.92331966491861
866,76.18013466743132
867,105.35647800606824
868,109.56528368139541
869,71.4992858615383
870,66.70867892557646
871,71.72570752624995
872,61.604090458062096
873,47.07081897081419
874,65.46767292763732
875,52.79829909231964
876,94.29389821870423
877,102.60154881466488
878,81.22050316462125
879,57.18380441040598
880,87.9089976787071
881,309.6750985617128
882,63.50208385685244
883,63.41153557958883
884,68.71314923255407
885,83.58520931777002
886,75.45680166115827
887,258.1663849399707
888,102.2590180225192
889,468.4483170964792
890,71.50587148459078
891,177.19667099351574
892,165.44195477545736
893,163.94840638082042
894,63.7989852263501
895,32.65869477642497
896,83.64872648539294
897,388.5799646642241
898,96.73591687524613
899,94.64343548187502
900,71.41805378834401
901,51.489958215454564
902,86.2850680944764
903,163.37999076871478
904,58.141426708593045
905,40.37294995953834
906,76.58636945645755
907,48.34310041118151
908,67.66423036698782
909,71.81945401114244
910,49.47851974054368
911,72.24762637871255
912,53.88206876804213
913,84.93607187035374
914,63.41153557958883
915,96.97160287337093
916,78.77866339517888
917,67.11134834023801
918,115.00979516532071
919,34.778454616610645
920,136.58957958592038
921,931.7288065365683
922,66.23969761890135
923,82.17590318236385
924,55.39255623265618
925,65.66655800687914
926,58.27894260257826
927,88.80304309414821
928,337.9896864567063
929,84.09719154591181
930,114.44133971321278
931,43.9653643558032
932,195.22108616708283
933,35.91763607088571
934,38.816989247594705
935,185.26837542990836
936,122.57603641565551
937,53.124658564633215
938,59.23061728049436
939,96.65627684431948
940,170.88411737438219
941,54.096709564233336
942,144.46171844679014
943,62.054397874288455
944,49.87821532657557
945,57.55148834471188
946,77.58407249803167
947,174.97844959774648
948,95.8261613592452
949,129.16891770776482
950,103.9353435913353
951,438.74661579385804
952,103.37448796401853
953,85.7454676583965
954,72.93413031392163
955,63.388185055904884
956,119.72925629660767
957,204.43128563841464
958,89.08856154142515
959,106.36876164469929
960,64.12131223035604
961,56.002665345336766
962,58.82799888609326
963,94.20945831838219
964,80.54096965287914
965,65.2168276076566
966,75.86494881995637
967,129.59552154580962
968,39.860251231169734
969,40.38011946561298
970,66.34427467667747
971,33.99001281808371
972,60.92203503967268
973,42.8226795060219
974,64.06839495392319
975,40.55487130844721
976,59.4259019031155
977,85.36172100488622
978,59.59552178461704
979,48.87665083799164
980,110.53727679009933
981,66.45502034131243
982,77.21396936175205
983,115.16638071056818
984,83.91717715935293
985,292.3936482372552
986,67.2442546141186
987,49.63209933455537
988,181.86536761418242
989,226.21177276859765
990,217.65312100210673
991,119.17902733356459
992,323.2450808909454
993,63.87691387105861
994,52.884443793614835
995,394.68033230441915
996,112.03579600818878
997,373.864324731983
998,36.79169345493999
999,136.09481363113022
1000,446.3840504528627
1001,50.14812899937824
1002,138.68194077331998
1003,66.45037367133003
1004,32.6206024641893
1005,54.48606487315601
1006,73.0765324109019
1007,65.0434450335148
1008,52.95902844796209
1009,60.80785928214746
1010,80.58004255391049
1011,212.3984275962922
1012,123.1833228015514
1013,64.12131223035604
1014,105.44501237715644
1015,43.541474922446135
1016,95.35740524444137
1017,52.60622384485142
1018,357.91331629757667
1019,165.56341166794374
1020,44.18701247975815
1021,50.28922955902942
1022,97.50072259839902
1023,57.04310362882798
1024,78.45168288967604
1025,62.46597118601575
1026,39.65814216082463
1027,55.97598888358337
1028,32.26357923009592
1029,96.12877362653798
1030,77.71830111806331
1031,81.22050316462125
1032,116.20390819816478
1033,46.31073171917762
1034,59.83374689360532
1035,55.08754028324245
1036,312.12645757930693
1037,60.63126653715584
1038,67.2442546141186
1039,107.88403906674708
1040,63.41111538750786
1041,41.51462208904957
1042,61.71654358025836
1043,47.108955964549864
1044,51.84932168815676
1045,215.15159557083905
1046,200.23362164242562
1047,104.06742909367466
1048,58.99772646813226
1049,86.30824565983471
1050,46.95870142001827
1051,55.2435526217527
1052,150.8646823436403
1053,40.4121429552777
1054,95.6065833878168
1055,57.06056605819256
1056,58.249145830217074
1057,86.22951025926895
1058,37.175041188801714
1059,63.2265565292911
1060,120.53869395958662
1061,45.73325044492306
1062,67.0261064289502
1063,78.42423429448311
1064,96.65627684431948
1065,80.4635532283792
1066,67.82918914403508
1067,69.40012438793346
1068,53.64395908678351
1069,49.85860690128938
1070,52.79829909231964
1071,51.698822970927665
1072,177.7366025480138
1073,81.09229411423436
1074,52.35612260011307
1075,82.41046283827984
1076,85.00267789088252
1077,326.03067604681473
1078,195.97290238895687
1079,103.80988838640656
1080,193.95853132629867
1081,58.33980522840855
1082,281.1682358860634
1083,298.44604663138716
1084,81.91781430836888
1085,54.40310353823487
1086,75.63146301777886
1087,51.30516897859487
1088,242.09414742463207
1089,121.72449987276218
1090,52.949663403557956
1091,64.43516876661974
1092,165.6311929974402
1093,65.46658904711617
1094,137.38771804033857
1095,75.26269924622659
1096,45.71505960675523
1097,86.59933978214323
1098,41.2670131988249
1099,60.91714207440725
1100,96.79635847755111
1101,101.28754022432406
1102,137.0086811423768
1103,145.19485605896108
1104,49.201397262454265
1105,39.1635810170175
1106,93.12680321064137
1107,1805.8499940387226
1108,176.07238349468918
1109,53.51268116495834
1110,89.6150170569045
1111,54.690269865433436
1112,233.07110110039068
1113,126.39749901434692
1114,140.32034761593965
1115,47.7428140264018
1116,107.58347348887676
1117,51.162434842232905
1118,169.995853952409
1119,39.649686846213456
1120,37.73759077472108
1121,40.93032173236831
1122,190.11416643616442
1123,70.03041450841671
1124,37.5858094937571
1125,65.95461068890603
1126,111.07124508771676
1127,123.48538645234596
1128,74.67418287320189
1129,109.22793657559787
1130,70.70305405341932
1131,50.589882841501826
1132,76.48399674119966
1133,88.25468657177666
1134,49.16123788344204
1135,67.53969302830984
1136,187.85180727659846
1137,48.698840256587545
1138,50.96598655767717
1139,59.058694618334314
1140,111.03725299073048
1141,87.4568081106034
1142,43.22528436191054
1143,75.03944540883408
1144,51.17240827083787
1145,81.04105150391729
1146,36.4482363544498
1147,83.18982189774633
1148,49.93008464941499
1149,75.87216337782075
1150,82.44852583417767
1151,47.38813318879325
1152,58.41932115086749
1153,399.889237866774
1154,64.95743660445524
1155,86.85321129288032
1156,156.81368214208976
1157,398.09250392614774
1158,44.56959631351156
1159,63.514037785332214
1160,264.83815978092684
1161,78.16775291821887
1162,116.3934077489888
1163,107.79793548805516
1164,63.55549510700695
1165,72.6877409884992
1166,51.85502496357907
1167,61.597074108290656
1168,57.218408520063406
1169,69.601409611508
1170,211.8812867885755
1171,47.95813609852108
1172,106.55376983228243
1173,151.5517177187008
1174,49.8605269273107
1175,318.6973512602493
1176,43.29437137567253
1177,58.20062809680846
1178,132.63343542243027
1179,28.04659414473344
1180,42.32978003612268
1181,48.451759274412
1182,88.33415215942983
1183,169.49351082828656
1184,79.78453626584322
1185,59.55603681069816
1186,127.00398080440297
1187,49.869907795876784
1188,126.27718452954754
1189,143.80320935564373
1190,40.07936944124501
1191,85.52437826504034
1192,59.44683924023033
1193,41.06634543384496
1194,61.39467621065803
1195,65.14833872581953
1196,63.85874419178113
1197,53.37123935803301
1198,35.564454245984045
1199,59.27329461738391
1200,1200.4787175123786
1201,54.701856024419484
1202,128.68029775250398
1203,37.80771498156241
1204,107.20738204962775
1205,60.40963639509455
1206,60.72738102090097
1207,66.98277312408727
1208,81.73490718107176
1209,53.99088137163946
1210,51.3125824087314
1211,84.93064456497498
1212,56.01028348925383
1213,52.20524952967432
1214,120.80453543363639
1215,98.5213078549421
1216,186.64556905998148
1217,20.151932107285567
1218,49.56723889801799
1219,58.72966840938595
1220,48.65933399979898
1221,249.62052841885014
1222,201.26949679147964
1223,63.63386357052396
1224,57.25133848576575
1225,65.21731330890648
1226,143.44939042506454
1227,121.88185978867915
1228,52.01887453581264
1229,149.08344993542008
1230,214.40538871498546
1231,134.29570549693287
1232,189.45477087701175
1233,52.49073742721447
1234,48.612322971648936
1235,97.84710998328963
1236,99.10836578599015
1237,51.44804461116924
1238,129.25187829438536
1239,71.65057769612072
1240,86.20060012763906
1241,42.820069993405795
1242,61.04981382816807
1243,57.42624313668931
1244,46.23088961368935
1245,259.15241228548075
1246,79.60755585431423
1247,167.6860678041315
1248,87.15126061353814
1249,48.65307421020048
1250,300.9948840273239
1251,143.50487557871006
1252,505.1100513633721
1253,56.866741422823864
1254,118.6151543828727
1255,60.52317227441635
1256,123.09648712328986
1257,60.604052125909035
1258,48.58042775078684
1259,120.7823464859066
1260,43.9653643558032
1261,40.99662485692397
1262,111.74088035585254
1263,104.8990647839342
1264,132.42793127189265
1265,610.1659693129653
1266,60.18534641981418
1267,136.2722536694212
1268,338.6469508730575
1269,144.20135179168716
1270,234.08341447499433
1271,74.61926724976175
1272,51.09529469334245
1273,36.90094892774812
1274,58.86781218541432
1275,77.52517970727534
1276,41.063170143402324
1277,68.89782595381104
1278,25.564169262694158
1279,59.03190866187576
1280,71.04630132680781
1281,58.87374065917717
1282,80.91490512252042
1283,54.771200930824804
1284,119.97949470735136
1285,53.88505213949881
1286,53.27179073691748
1287,155.58442716629753
1288,44.139327369201794
1289,15.441313641839997
1290,69.54109058583002
1291,39.65814216082463
1292,121.05616567449778
1293,58.22252590333031
1294,1314.9483912536195
1295,189.72411688497084
1296,52.2088120016495
1297,51.102977078949564
1298,179.4304516157058
1299,114.52189875589396
1300,127.24645621459987
1301,38.87048792203514
1302,26.843947268330854
1303,60.571437280782035
1304,159.8705970663881
1305,52.55672307723445
1306,77.7497549334503
1307,53.275322188845024
1308,151.99877099694856
1309,65.90758158726965
1310,168.62964576719912
1311,56.933891345245925
1312,92.90565418617294
1313,43.91016873611634
1314,222.64149155616707
1315,48.390803105894676
1316,47.2289212790343
1317,62.13988354204747
1318,66.84469200541645
1319,102.62423098402091
1320,68.36037522318563
1321,41.57287685049075
1322,128.78030203418962
1323,46.432051686301264
1324,41.80678445300421
1325,197.9612540040943
1326,55.0461299716345
1327,68.35614694332051
1328,114.16887862605269
1329,75.49830897665831
1330,139.32991000011532
1331,78.12948818720163
1332,611.5103377144453
1333,99.58778112733603
1334,48.90030728253768
1335,93.1967074950074
1336,38.32407725760765
1337,74.19386586709562
1338,86.4842674580768
1339,50.58844822944562
1340,67.78934428577493
1341,50.23675224392808
1342,64.68329117996151
1343,47.001920407867956
1344,58.42606672055727
1345,50.14812899937824
1346,69.601409611508
1347,51.12678876437905
1348,71.72032619499241
1349,50.939909773695
1350,254.7522281557045
1351,51.817388096034335
1352,129.4712214918296
1353,43.52082023409738
1354,136.0603357043883
1355,98.71654648430902
1356,124.17899452936902
1357,63.427556277626564
1358,56.96110033661816
1359,37.316309858655195
1360,66.24810390314238
1361,82.20858434800667
1362,48.799455890371945
1363,66.10576200550456
1364,292.29678927609666
1365,110.90466093573492
1366,95.94251275449399
1367,106.85628189213743
1368,63.41111538750786
1369,51.61650926256142
1370,139.4731132022359
1371,58.27279405856376
1372,78.8886409498606
1373,108.31291962124027
1374,70.62750428757201
1375,108.14891690312605
1376,147.0453216459721
1377,47.70990143533425
1378,42.36944574713034
1379,200.93406295858853
1380,50.49583071689479
1381,26.153670454370406
1382,107.28082029775058
1383,125.10791244537965
1384,48.930731945703236
1385,55.14237948404347
1386,51.14828788990617
1387,65.04141455557776
1388,54.461343028378515
1389,68.03351519809155
1390,83.4966398688309
1391,51.00884261728804
1392,50.984494656606614
1393,248.7171281073903
1394,199.9560133953035
1395,68.81567534124771
1396,83.09930872084408
1397,115.48764443935463
1398,44.06432225492985
1399,214.67648760441875
1400,147.73018294135466
1401,80.23765182774925
1402,327.40892963107603
1403,273.53140915124936
1404,196.55844838355273
1405,44.66350034611151
1406,59.691388972943614
1407,65.75887630171289
1408,58.106656895474856
1409,50.9006844056801
1410,128.78030203418962
1411,159.96941216054358
1412,186.76954815558042
1413,49.49638679297685
1414,194.17617964921803
1415,51.62120783392199
1416,115.85846598411149
1417,298.44604663138716
1418,127.24645621459987
1419,74.3989459560258
1420,111.33255732293141
1421,173.73376968488282
1422,158.40681158163932
1423,118.85217929531677
1424,50.111323341955526
1425,43.852309574828446
1426,67.69058116265848
1427,87.56856980786395
1428,67.20724274539009
1429,106.45645406657437
1430,78.45493989842225
1431,492.9420816086049
1432,153.36130771333188
1433,201.18765387409485
1434,40.13911616933783
1435,49.040225580057275
1436,274.84086684178055
1437,63.82015867769505
1438,42.905955574023075
1439,71.02248354406035
1440,58.94166804664552
1441,114.43805369811643
1442,72.15126705044742
1443,58.74821047884089
1444,172.85629644228868
1445,57.07495865480959
1446,413.56275500057234
1447,146.03750617282284
1448,338.3581013389334
1449,135.2721639778446
1450,41.15553287840375
1451,63.63544891593932
1452,51.46913275119928
1453,112.68078252551206
1454,58.74821047884089
1455,103.27504313602924
1456,97.90825827735496
1457,41.81865257455665
1458,285.81490579245565
1459,93.63855508497032
1460,38.7593770253084
1461,123.01021410995838
1462,114.75318867414005
1463,63.30167349525854
1464,50.88262556319575
1465,61.72754546026181
1466,67.71949165045173
1467,144.796934775336
1468,46.717600901487145
1469,48.60635602406859
1470,85.90315250665252
1471,118.82247769549963
1472,82.31192604399482
1473,39.65814216082463
1474,42.07984363940356
1475,251.21406511628885
1476,101.6882525222338
1477,140.40559737239852
1478,88.46014214738915
1479,178.9470385795482
1480,74.22056617032588
1481,63.41153557958883
1482,121.83052503416027
1483,40.21092960599154
1484,69.13713123229562
1485,58.74821047884089
1486,115.05085277406027
1487,48.131309067196256
1488,42.92182798506329
1489,44.24719435976374
1490,69.59498936754551
1491,77.88313069674365
1492,57.905485749556874
1493,75.39016314755239
1494,142.00596650083736
1495,364.77155134053794
1496,65.72288195916998
1497,83.72869368363678
1498,63.14023591807137
1499,77.35469383127224
1500,65.15614180911183
1501,76.6246533327448
1502,61.33513199068247
1503,120.18145458932327
1504,53.69925172125518
1505,42.98391832923239
1506,46.52248273869116
1507,26.241178405770675
1508,354.7421444199213
1509,57.74695757835233
1510,55.38025026250538
1511,68.18964706877037
1512,59.23061728049436
1513,48.09570851924511
1514,142.7099967559366
1515,44.60987930957414
1516,42.126221323919886
1517,87.34254248712253
1518,48.65933399979898
1519,78.27175318355286
1520,51.102977078949564
1521,205.8207391340129
1522,53.61895617266976
1523,81.81606221557752
1524,264.04913214878655
1525,143.7977752625712
1526,111.03775723626035
1527,50.3267356946647
1528,126.51483549444202
1529,52.70246674866415
1530,95.48431536404019
1531,62.17249241319469
1532,51.04641642784163
1533,36.62038242999458
1534,50.14812899937824
1535,86.17687015450235
1536,240.22080953592604
1537,61.47684959750079
1538,70.8427016030734
1539,138.0187413262467
1540,46.02733675220919
1541,55.30160111449322
1542,202.43861405296565
1543,100.92896196485249
1544,75.85488642762714
1545,51.44959882023053
1546,120.18145458932327
1547,51.53333056118814
1548,75.55896030477248
1549,63.41111538750786
1550,45.221922939868975
1551,52.60231662941918
1552,77.6550715996364
1553,211.33711032543346
1554,326.7356612876904
1555,115.02429169667603
1556,107.86994796611697
1557,151.78680206422572
1558,52.47112695312679
1559,193.50511025158858
1560,51.709444066030656
1561,67.69495487685685
1562,67.40124633913625
1563,61.597074108290656
1564,84.20224152232412
1565,84.88159036253268
1566,97.16696730675585
1567,72.8288749042063
1568,46.720663346770316
1569,79.94327131332096
1570,40.583976155124844
1571,50.41536928863542
1572,43.24670341100972
1573,68.66735885569615
1574,432.7238646007632
1575,47.025814048505126
1576,166.6554236736547
1577,48.88098029103727
1578,53.784435824910744
1579,186.08179922310683
1580,69.1482021072711
1581,94.10058058515735
1582,94.52253315460167
1583,57.56801903675861
1584,90.43066438516243
1585,61.5982889596707
1586,91.8115023698945
1587,59.98032988395266
1588,103.06701401780191
1589,44.88705796932222
1590,51.202977234125356
1591,50.620375224744706
1592,89.10051726137394
1593,120.46987841090115
1594,107.21813406635832
1595,43.541474922446135
1596,114.49365753449945
1597,153.55696092896633
1598,80.49375251167206
1599,160.93563842798468
1600,53.174595723877445
1601,44.84845640059472
1602,42.61652910012864
1603,59.779748038511904
1604,318.6973512602493
1605,57.74695757835233
1606,100.62194798597045
1607,77.98754112874053
1608,46.051292413156375
1609,67.97728435579755
1610,60.23702436017063
1611,94.45184183948766
1612,188.15510087035906
1613,257.8159571696552
1614,142.3966460145543
1615,57.389404852535094
1616,81.67435046575402
1617,88.01328944201549
1618,49.79354528691607
1619,63.11327989321907
1620,57.08494512563254
1621,81.64016131584809
1622,72.55431527730241
1623,65.53099359812191
1624,193.78351453274635
1625,40.14097116506033
1626,90.02525809708294
1627,68.66735885569615
1628,83.62878741287449
1629,143.5770220153625
1630,47.007344903509306
1631,45.07726638071524
1632,28.565436027674256
1633,49.14395981770404
1634,62.054397874288455
1635,72.57114411411105
1636,203.67950058632428
1637,90.0898135752436
1638,48.46967019448819
1639,94.64569369575122
1640,56.76629987949126
1641,65.61855745446465
1642,50.75129895742401
1643,60.66245390325376
1644,53.58574183310559
1645,64.94709829945553
1646,68.09759268757139
1647,190.55029623106583
1648,175.59856467791042
1649,79.40051663219013
1650,49.87821532657557
1651,313.1041703130205
1652,77.19538874863379
1653,43.03498718439823
1654,40.109945141138
1655,84.22730185633684
1656,42.342564824058975
1657,115.22830870038335
1658,100.2295508615624
1659,204.3067123847054
1660,49.75041671971218
1661,62.675990481132416
1662,71.31204492665394
1663,39.22360490728399
1664,48.75534209495442
1665,77.21337808206258
1666,45.446565740795485
1667,63.58116442274886
1668,29.978731609133135
1669,60.96345485486332
1670,69.05646289280926
1671,57.75718868291142
1672,54.56492552265756
1673,81.45785305347908
1674,66.12644024952753
1675,181.94700057819787
1676,272.25133432064484
1677,92.86065431159004
1678,36.10382451688539
1679,185.76611249260864
1680,145.08616492695126
1681,165.5177426113852
1682,103.21830302901357
1683,50.98806297196707
1684,64.815286714743
1685,156.09460791444124
1686,50.75129895742401
1687,59.99610168413821
1688,54.26968826360279
1689,38.84937236491926
1690,120.1047965976172
1691,292.856636036501
1692,115.00979516532071
1693,107.86994796611697
1694,42.08377665121868
1695,151.92455841540948
1696,203.92622646325762
1697,645.0389106123082
1698,160.81790790948142
1699,233.06735053744762
1700,56.88498357246493
1701,52.999845424889095
1702,82.49134821746162
1703,54.22361656982908
1704,175.8108887603529
1705,38.29375361310396
1706,47.39283383456715
1707,168.14547261144088
1708,33.55226565354693
1709,152.01121615236968
1710,678.1402911509206
1711,70.5999868034145
1712,42.13075641505362
1713,68.42450144940412
1714,51.18030998274833
1715,66.82945045676165
1716,62.17098064090517
1717,74.4345671426961
1718,85.02301253036241
1719,69.8018669853897
1720,121.43484059608005
1721,43.91408895847084
1722,60.37490613540221
1723,59.73447716175739
1724,175.32130193623476
1725,51.10288083059497
1726,27.789696471955196
1727,70.63254001589554
1728,48.58800383928252
1729,310.2700478776562
1730,72.03630484830565
1731,47.92436514648679
1732,381.75284443438335
1733,40.83308501182729
1734,265.51977035926376
1735,323.8838164340484
1736,79.10468559832728
1737,290.009949702468
1738,52.65698123152137
1739,102.53313617509536
1740,58.74250065918846
1741,70.26942487071231
1742,158.99479166148376
1743,79.83181060116468
1744,75.37721461253525
1745,73.98331135842426
1746,54.302285609216035
1747,101.32690788002803
1748,50.75129895742401
1749,175.9620329577131
1750,59.7673275306454
1751,49.73953174483713
1752,253.8365544338921
1753,88.81810716158463
1754,47.167639645939424
1755,76.54976117223605
1756,67.05452008297044
1757,191.14317596066644
1758,131.38675909700981
1759,58.41932115086749
1760,69.22323112160271
1761,68.19130754936965
1762,136.58775515066534
1763,83.20777243652817
1764,76.72748170620726
1765,57.043408513256324
1766,122.74944766727644
1767,90.62693676339649
1768,60.6795718815643
1769,182.46370112421477
1770,66.457580002994
1771,58.51090588856131
1772,123.33689638069461
1773,42.70642553496146
1774,55.26089224829329
1775,58.74821047884089
1776,34.31748293185103
1777,25.726511840641024
1778,210.8239144506776
1779,66.87471936578135
1780,118.48002483763901
1781,107.86994796611697
1782,265.90655787727394
1783,154.89751667001687
1784,112.8523530939991
1785,72.86691392002287
1786,47.02735837141772
1787,799.8633449068114
1788,51.00607155608335
1789,135.75733651599325
1790,53.27179073691748
1791,64.12201429794217
1792,62.21854394021399
1793,468.1163927967534
1794,110.29158888874393
1795,157.2418052320069
1796,121.81871475991943
1797,79.18721423944315
1798,61.894900325027166
1799,155.82657058598775
1800,95.06359995110631
1801,86.45914427893752
1802,65.42916871301506
1803,119.14088722066327
1804,45.39321096607581
1805,56.06628958133183
1806,60.17833877074647
1807,66.14708369835543
1808,89.68400503654732
1809,82.8861477086751
1810,69.12192833160412
1811,380.61467978514906
1812,56.33302185864221
1813,107.55936006114564
1814,1282.4866000843804
1815,41.317306147371056
1816,74.64674597569625
1817,51.10798481028101
1818,105.86327312631477
1819,61.05169971827907
1820,200.99029695093486
1821,58.71642879365967
1822,58.74821047884089
1823,116.1075763416184
1824,161.77981947681502
1825,213.67930983603026
1826,51.27248643755995
1827,452.7715528147666
1828,66.55212470241653
1829,260.1930007292472
1830,55.61250017706094
1831,57.73932440588223
1832,99.53338008530682
1833,58.911978141386456
1834,44.655440760110096
1835,154.35453376250578
1836,55.53118479572042
1837,142.71537848548618
1838,38.06696162058239
1839,139.57846656450153
1840,114.15738994284015
1841,50.43834850838386
1842,77.71830111806331
1843,73.7639114704806
1844,58.65116168045404
1845,46.84262326853616
1846,123.17223915697645
1847,108.14861822400951
1848,174.68617800472663
1849,53.29639880344435
1850,33.00198807930672
1851,184.8384114868399
1852,55.12068151634871
1853,114.9926675231496
1854,74.54610739600896
1855,39.439676917577074
1856,94.55701489233417
1857,110.62229637717644
1858,49.0352238932886
1859,212.90662764964827
1860,124.43799347179555
1861,66.22209782584397
1862,79.71718508811779
1863,187.5016758624031
1864,218.57015465843045
1865,90.01765481714514
1866,99.58778112733603
1867,136.67685779066483
1868,102.3807143123986
1869,62.62496516531385
1870,55.810816324467794
1871,419.99329820460963
1872,52.8897418788403
1873,67.67181004137392
1874,53.63735758620956
1875,90.1703220691009
1876,50.03533627977836
1877,52.29898696882592
1878,74.30124747094258
1879,82.26220116291647
1880,62.91396538088229
1881,51.043197901399445
1882,68.87182404886252
1883,463.32088744704566
1884,103.80988838640656
1885,64.43516876661974
1886,73.15216806174215
1887,46.957356337617576
1888,370.01920330290636
1889,41.617788174003564
1890,67.5632066994435
1891,49.39935679690255
1892,88.43546210898722
1893,69.80925457145582
1894,50.25404560974204
1895,212.97287762972707
1896,58.70527169733911
1897,121.99539531729036
1898,85.51508596950569
1899,314.5082765200524
1900,50.75129895742401
1901,145.07232126896355
1902,69.1959997681543
1903,121.49160406779606
1904,89.12205564916518
1905,59.01262193911312
1906,57.29167033964102
1907,63.29187071662564
1908,222.34690912128838
1909,27.789696471955196
1910,39.450554157641655
1911,212.8987894708846
1912,36.99129561272253
1913,72.44588560978093
1914,523.8264764904511
1915,234.46684586804128
1916,198.17058486582377
1917,56.94382018790587
1918,257.5047379762616
1919,60.71103647677562
1920,43.76607398957583
1921,44.16824403301856
1922,58.42606672055727
1923,20.737696384115214
1924,90.46184209547589
1925,62.01442024560955
1926,120.95527298538602
1927,54.23949687195004
1928,56.03510588022066
1929,53.6226373253629
1930,353.63950362984326
1931,41.08366688701218
1932,126.70488979204666
1933,92.45349261884499
1934,58.510175502970824
1935,40.322925594421335
1936,74.60420276692918
1937,136.37821985756045
1938,168.14547261144088
1939,62.12960422173863
1940,39.5451423085863
1941,81.03020596521444
1942,63.77327364015065
1943,479.56767881456665
1944,196.85948001019383
1945,48.33371448952208
1946,39.527222651325445
1947,155.26612440127948
1948,31.786961659118788
1949,58.34877089236009
1950,82.85133666966739
1951,89.78648056727613
1952,29.340648246908714
1953,121.62247019183027
1954,62.67685066298584
1955,135.85332870280817
1956,50.321193530565026
1957,56.07780301621351
1958,199.79192171009825
1959,411.9494893765821
1960,29.149495925745125
1961,64.08227291454523
1962,311.8467078256674
1963,58.60786369304789
1964,64.12131223035604
1965,55.08347375314852
1966,87.51589895813481
1967,76.04429031302026
1968,61.994077096317085
1969,74.26305983245732
1970,37.83135155573456
1971,105.21841380825906
1972,46.1744053788689
1973,85.5464909404807
1974,44.81019734828663
1975,54.83491986352914
1976,161.61310444745007
1977,179.13919278900624
1978,46.946768583252705
1979,52.08775652208044
1980,61.443697420362795
1981,23.932792813211222
1982,120.23102091351628
1983,495.664437586545
1984,60.136147226237256
1985,61.87594839843543
1986,51.489958215454564
1987,33.10819172322502
1988,236.39646550509536
1989,84.93064456497498
1990,42.271013414733716
1991,31.247162116714634
1992,50.37527078066229
1993,49.017835648859545
1994,310.15194487086444
1995,73.01435847615983
1996,109.74890115613493
1997,63.61588436891435
1998,51.60145023952233
1999,69.24040119156687
2000,105.27434108753963
2001,277.4891404987456
2002,50.39280733681223
2003,171.72129332877674
2004,44.179753983765686
2005,74.2891432582011
2006,50.78818622073472
2007,44.165166320694816
2008,76.3567537730066
2009,75.55896030477248
2010,22.408529125205437
2011,62.62496516531385
2012,75.6640842186183
2013,120.69371620495969
2014,80.76707149021983
2015,77.19538874863379
2016,58.594632964544644
2017,36.94840771713992
2018,51.28681421960658
2019,102.93010654735083
2020,50.09773640168546
2021,82.50676918130446
2022,104.81296460485996
2023,189.37191718511946
2024,365.465383529346
2025,85.06161507333306
2026,157.43900336033724
2027,97.52715061976056
2028,124.05771284467438
2029,217.47820282284238
2030,99.18637869547402
2031,122.43580627031793
2032,543.3257328445643
2033,44.167658667641525
2034,62.71567723263075
2035,53.28002209403648
2036,68.84268686389034
2037,64.12131223035604
2038,37.46147136557928
2039,54.557114387042986
2040,65.54293710280032
2041,115.00979516532071
2042,61.46286815739896
2043,32.78927252922762
2044,228.6383193215998
2045,116.3934077489888
2046,58.74127046917346
2047,169.995853952409
2048,144.8197666462592
2049,68.66735885569615
2050,133.395861175072
2051,75.94171195199854
2052,372.78890025633666
2053,62.49923446365589
2054,39.88550204963251
2055,245.6581553549862
2056,220.36674978545722
2057,72.20286165703162
2058,67.83908190261513
2059,71.07801253375793
2060,104.64053132127103
2061,37.370493692018705
2062,87.354047896508
2063,34.20449528493815
2064,72.86675008878284
2065,45.83692868129462
2066,102.44999628339424
2067,104.72918290575167
2068,167.31539281884403
2069,49.99667962242882
2070,586.521903739946
2071,262.7561133717481
2072,108.18741680539011
2073,59.30865627613407
2074,51.11764520772449
2075,56.689555124313436
2076,33.63762928039377
2077,116.9614387287441
2078,49.28035020298285
2079,72.1795767023262
2080,146.02666669399423
2081,47.388789175363556
2082,72.64051688646751
2083,55.066835421441866
2084,95.07545369554575
2085,64.70830422428148
2086,742.6166264482035
2087,122.92652020633899
2088,86.52482274112529
2089,84.93064456497498
2090,24.98842221844206
2091,35.93534550746419
2092,240.3206521198345
2093,49.83566581552778
2094,392.99006972427696
2095,52.999845424889095
2096,178.57515306748866
2097,142.9977683213353
2098,79.01616776824994
2099,70.88948694031858
2100,58.10905724485046
2101,330.8050108566086
2102,234.60277176941477
2103,114.64665555294602
2104,54.76901899817106
2105,56.92091233745965
2106,33.63762928039377
2107,91.83794809881063
2108,77.99536347680183
2109,154.0350298108929
2110,85.59152282220332
2111,69.73889122439488
2112,196.2732420783442
2113,69.63798450530736
2114,41.71399568807986
2115,45.07717685255936
2116,57.8992594718249
2117,142.5734376356501
2118,88.34388197285402
2119,55.14237948404347
2120,80.11030653857081
2121,24.98842221844206
2122,79.50372317549929
2123,79.10468559832728
2124,74.88453953125992
2125,80.46089274078099
2126,108.57051134371594
2127,179.09528471801468
2128,47.5361765308688
2129,51.542892140315516
2130,90.2997702682779
2131,64.66345247044204
2132,85.23917608759174
2133,212.3984275962922
2134,125.4883858404975
2135,50.1101112837164
2136,87.90930678905443
2137,72.26873013258124
2138,63.47945401653856
2139,132.03716975556742
2140,125.30919705614922
2141,74.63390283051172
2142,107.40209468377786
2143,114.03892976103666
2144,106.30348077782489
2145,93.01452635172983
2146,105.55643680593755
2147,86.43219748373909
2148,52.67888155593267
2149,94.58270819705635
2150,126.7131485668706
2151,79.0445458218176
2152,132.6275019645402
2153,49.48935474253146
2154,76.18966708710366
2155,51.39950178145584
2156,41.88704563965611
2157,84.10225592179447
2158,37.571485241457765
2159,48.527707010596366
2160,64.30149935146181
2161,79.64390210388919
2162,84.93064456497498
2163,49.09876733840735
2164,202.08494553735937
2165,128.97320558532004
2166,107.20738204962775
2167,94.31905019892035
2168,140.17655171719423
2169,75.20146406837439
2170,65.25183369779694
2171,49.74188256365042
2172,71.9782512102861
2173,200.37413724528997
2174,73.2382729180434
2175,42.49958461775781
2176,75.61595780430245
2177,158.56770388108222
2178,48.19542033744555
2179,86.99165161818188
2180,58.865148952766255
2181,44.25056144701501
2182,64.05429791139473
2183,150.3466894372001
2184,85.06482556987952
2185,64.54310908679538
2186,426.7286938576576
2187,122.95185486207512
2188,139.42550230023195
2189,65.61855745446465
2190,69.40012418693752
2191,120.5557302118406
2192,112.55551271113436
2193,27.489115701438646
2194,172.4051102374069
2195,52.20953139127503
2196,64.77294722202132
2197,55.59810188130242
2198,62.04407140215168
2199,107.97246725884156
2200,50.35986905940551
2201,64.21039188520373
2202,56.07780301621351
2203,60.8827295708232
2204,55.52420439295524
2205,147.324289421278
2206,65.4517980207975
2207,95.31938101282981
2208,49.862318540874654
2209,57.87567369074175
2210,96.82056936066331
2211,600.636668619893
2212,43.600524347021064
2213,70.57375886464999
2214,50.0965439716404
2215,151.34508901610738
2216,60.43179335921671
2217,83.69737359661586
2218,59.175235931530025
2219,96.5884523710694
2220,107.63418390857308
2221,68.46759520234403
2222,128.8075876224822
2223,56.61717225383278
2224,37.73759077472108
2225,51.635049321871776
2226,57.6937035585817
2227,66.7764052284311
2228,173.28063484514178
2229,241.17316012354615
2230,121.6292703998524
2231,410.0769370173703
2232,70.76126478649091
2233,53.345756541565585
2234,84.590720702181
2235,55.9312490547636
2236,174.46725277548376
2237,38.550966094740076
2238,51.84753183589704
2239,47.561642223787295
2240,340.133698802509
2241,84.51160470590573
2242,103.43065371176937
2243,68.83325175678573
2244,43.870437718969654
2245,51.232956888900034
2246,59.21653700582968
2247,36.51802814614088
2248,80.21361645736704
2249,187.95467627330018
2250,89.76192024795212
2251,91.39522839241303
2252,124.35715753943158
2253,41.08329204740937
2254,46.426746160767124
2255,75.86494881995637
2256,35.06232164554737
2257,203.55905748915654
2258,154.9257212386142
2259,58.625258149798974
2260,72.31732696457661
2261,73.00591718341067
2262,157.13334679652985
2263,85.4227301314037
2264,72.05321499833232
2265,108.13848199199354
2266,42.31372662704577
2267,52.63964862803708
2268,49.88414032479326
2269,76.07337703479007
2270,103.70736949662268
2271,30.910653577189997
2272,121.57224754344244
2273,67.11134834023801
2274,63.42137180832579
2275,71.62676372699805
2276,50.75129895742401
2277,72.15126705044742
2278,271.8990176132883
2279,67.91094108826628
2280,128.2571753180422
2281,49.86300213137348
2282,69.88672175344404
2283,50.21704183679076
2284,115.01730303290282
2285,84.01839918998776
2286,96.73577399225898
2287,43.05992651566715
2288,55.42214149234667
2289,55.994781848723335
2290,67.4538947266182
2291,102.12653221314173
2292,114.5003399845296
2293,106.33831171844732
2294,135.9032276924754
2295,108.76744472762906
2296,56.24671824133829
2297,76.35062441282757
2298,31.786961659118788
2299,85.68139233043352
2300,125.92464404944948
2301,155.7154536226934
2302,63.94098379859611
2303,147.658641096827
2304,43.079434351337035
2305,127.00234604199
2306,168.71510128273826
2307,155.2857402147721
2308,114.40085066217387
2309,50.571853311472104
2310,84.03034091455235
2311,56.84705300961677
2312,83.71293679985442
2313,97.17097876850933
2314,54.72191484703495
2315,63.75080509782178
2316,50.348404920942954
2317,72.86691392002287
2318,40.37635170478225
2319,42.031237568179776
2320,48.34545436183353
2321,156.4012329230038
2322,63.54941985894629
2323,62.13403510992644
2324,60.8019835476606
2325,75.32168445045407
2326,39.65814216082463
2327,68.18906221892274
2328,297.6626496283373
2329,75.25183837411544
2330,51.32618194454683
2331,902.6760948884535
2332,23.611445754205263
2333,55.965326714058605
2334,131.5567286860856
2335,73.91113755603867
2336,187.1862128785823
2337,105.00866788451616
2338,83.27516577567962
2339,106.65070923521884
2340,42.01520396723127
2341,69.66697787465483
2342,25.426541922384132
2343,113.30951794507914
2344,134.54895631344303
2345,48.91146473643421
2346,81.87345152885501
2347,48.9029928199095
2348,85.03230739216508
2349,150.00906403210914
2350,69.68333622996158
2351,155.0230940218852
2352,74.9693603737766
2353,74.9693603737766
2354,61.905872251248766
2355,43.24136126910024
2356,130.19681163300314
2357,177.3288714199309
2358,69.01430200101004
2359,51.791823869253165
2360,84.40375166257178
2361,126.54358934610431
2362,62.62496516531385
2363,343.5075629357482
2364,336.7385904669157
2365,57.075959972518945
2366,43.60438866477554
2367,119.8190597963175
2368,64.32093399171109
2369,138.54959785036957
2370,43.76292759987306
2371,305.32380502223225
2372,39.131594454243995
2373,177.42246566714917
2374,122.4921654926874
2375,50.0388066419569
2376,59.84932337473127
2377,97.079230359496
2378,54.451721518429345
2379,145.06941379997915
2380,173.50039091196146
2381,85.77268935938807
2382,84.27215514476327
2383,85.52437826504034
2384,123.03126865493223
2385,67.11134834023801
2386,49.84139882940801
2387,108.14538600769077
2388,89.24916726609189
2389,112.93121016914225
2390,81.54379281660081
2391,76.33351649804652
2392,129.4549673416775
2393,53.57286218308691
2394,162.84164318263052
2395,98.0816834043525
2396,142.55709486314177
2397,65.8182355199164
2398,63.41153557958883
2399,48.65307421020048
2400,57.23640469798451
2401,112.3040779371357
2402,111.03775723626035
2403,76.99270127945852
2404,97.82638675710179
2405,200.25101269876333
2406,108.93465311444626
2407,76.96403926819704
2408,48.822564129998064
2409,86.79953889029947
2410,76.41285738486604
2411,1151.3761407704644
2412,66.45037367133003
2413,51.39950178145584
2414,48.848238076224014
2415,65.1402923000514
2416,62.8479657925753
2417,100.3698444557126
2418,77.86125338929993
2419,153.9747759930375
2420,67.501256818496
2421,48.58800383928252
2422,62.56746239293396
2423,90.94416410019548
2424,69.08559557368756
2425,116.44221426815918
2426,41.72645041869407
2427,46.414242020959904
2428,53.603410339180336
2429,97.079230359496
2430,620.9578087135167
2431,62.980871810330044
2432,56.689555124313436
2433,268.23396853491374
2434,83.04472300096617
2435,49.331580371634445
2436,347.6668050538541
2437,77.19538874863379
2438,60.62577055558616
2439,1006.9720640930126
2440,67.77093501686136
2441,68.70605415467777
2442,57.746982657842025
2443,40.300202754432576
2444,50.589882841501826
2445,49.70235353697237
2446,125.05256638249325
2447,58.65643445543786
2448,199.87422666123672
2449,81.10010973662386
2450,53.69059324977386
2451,52.20376167907364
2452,45.73325044492306
2453,64.93328598653123
2454,167.1005160436623
2455,62.30522091945021
2456,66.80907050692456
2457,82.55885564147329
2458,51.53333056118814
2459,31.14519641505253
2460,62.7820822255214
2461,80.38494860517592
2462,60.70795176505411
2463,878.262994487485
2464,113.98329545281732
2465,64.31201255049578
2466,143.80224003615083
2467,75.79233169211653
2468,127.11080771773183
2469,92.01446130104824
2470,162.33198255758012
2471,91.17658240504801
2472,49.017835648859545
2473,120.66675912372168
2474,68.66735885569615
2475,69.22777251846128
2476,220.15982875338568
2477,108.65570912047903
2478,181.9483707650423
2479,74.73839675381869
2480,101.53117228683374
2481,65.0818465535546
2482,38.71097678674663
2483,63.785148991429935
2484,81.64016131584809
2485,156.4232022882682
2486,85.00267789088252
2487,52.223211267903146
2488,109.46514142643512
2489,81.12469549707453
2490,139.61363080254569
2491,38.45900449608875
2492,52.01887453581264
2493,81.80382324798772
2494,107.58347348887676
2495,49.45050829248946
2496,72.0022682419586
2497,124.80995751973612
2498,50.49583071689479
2499,93.79912012931648
2500,94.53476361632923
2501,47.29518655968634
2502,25.984153071085
2503,156.55685628987675
2504,62.67300794289177
2505,31.787523086102418
2506,42.60807125501317
2507,49.65795347043175
2508,75.81688182258115
2509,116.17504211292004
2510,37.6420123031036
2511,219.42058744863957
2512,129.62076818261087
2513,107.50806925501071
2514,153.88398170032107
2515,276.0721872753128
2516,71.65057769612072
2517,69.52141510939833
2518,51.89381836192478
2519,42.46040458763809
2520,42.39748654126292
2521,78.1360972730201
2522,52.82240413763186
2523,72.79540990539388
2524,340.189722087337
2525,61.591188017757304
2526,77.3990107290207
2527,83.67961307404366
2528,50.61750527220249
2529,76.13482303825671
2530,77.85608434575444
2531,172.27150209788368
2532,99.12763674142586
2533,136.33551585508167
2534,116.361137457018
2535,74.19341937513238
2536,82.34149512187585
2537,50.444767310878916
2538,75.14758067752891
2539,70.24203483859634
2540,74.3528869774532
2541,706.7560778482524
2542,177.32058376002203
2543,109.10976571037494
2544,1555.7355691856872
2545,51.46144320680694
2546,88.54201686193817
2547,50.4658760394845
2548,36.93702628969871
2549,271.1694408028085
2550,52.14498942569106
2551,74.17586233970997
2552,347.6668050538541
2553,89.69606439431595
2554,118.16260123937812
2555,38.33153043517602
2556,33.62330473745659
2557,217.63392394913816
2558,76.95218172420459
2559,106.17260818145425
2560,32.20760885570065
2561,153.9874210452342
2562,52.1672683317554
2563,203.67238927299238
2564,21.462783026308216
2565,152.99486851993936
2566,62.39341828366192
2567,52.02690973482559
2568,20.151932107285567
2569,82.61120742782967
2570,202.95348128789016
2571,52.14498942569106
2572,80.87989309908099
2573,166.5343845887722
2574,80.49375251167206
2575,157.88394016490977
2576,124.60026003345905
2577,149.42756503268348
2578,90.6637498986249
2579,106.77812854600701
2580,55.067377325942516
2581,63.89557551814803
2582,75.95715603521721
2583,56.27410733474727
2584,50.839662928801374
2585,89.08982666862406
2586,77.24400168897394
2587,98.30494390054444
2588,42.64457645408993
2589,141.96979524281997
2590,198.87656025960987
2591,217.63392394913816
2592,51.91345638547172
2593,83.93947186375564
2594,79.62280963247356
2595,120.66595147669099
2596,104.6244691999114
2597,76.70684135786227
2598,68.16367241405898
2599,54.86229832465362
2600,50.89473921632377
2601,67.85086160059217
2602,49.9759925446274
2603,67.67539195039791
2604,117.8646025743481
2605,132.69002849077754
2606,60.83517734521753
2607,66.10797902788858
2608,45.83741157468169
2609,70.44857436985617
2610,92.76197268604545
2611,61.3937585016198
2612,253.49198908702647
2613,147.883165957722
2614,117.85958550076555
2615,48.61277328242325
2616,58.64365897675911
2617,30.564748871052693
2618,50.75129895742401
2619,139.96118765732177
2620,51.875862011534046
2621,175.16267193416175
2622,64.95965792412915
2623,162.65170250360208
2624,59.971828391538374
2625,144.0988618572162
2626,118.69869528046519
2627,129.26072883923703
2628,41.45261980702186
2629,75.51697102746114
2630,62.59997486864724
2631,69.0353804381456
2632,51.6111735405132
2633,81.10010973662386
2634,215.88807012959012
2635,49.27843039882358
2636,62.11602225151195
2637,189.1200305580093
2638,182.21011354877726
2639,114.40085066217387
2640,86.21924702174701
2641,47.142971239613836
2642,42.033807298008924
2643,180.86732742409058
2644,189.4517635156542
2645,72.75667196278688
2646,49.86756097496909
2647,98.51293228874536
2648,56.990499048346734
2649,43.66254157377329
2650,217.63392394913816
2651,129.4667063588278
2652,79.21262054161627
2653,105.30480272533568
2654,50.433758608432534
2655,211.35835543439856
2656,64.86309031354178
2657,57.400693479656525
2658,107.86994796611697
2659,225.0352512108767
2660,481.7004248610257
2661,54.49057739121552
2662,424.9984615575127
2663,26.71010007703237
